type,color,year,length,condition,width,weight,price
Standard,White,2019,2.96,New Car,2.4082904846650037,3251.0,11777
SUV,Black,2010,3.34,Average,2.8406803684091986,3277.0,6006
Standard,Red,2022,2.95,Good,2.084228298495636,3573.0,11925
Standard,White,2020,2.89,Good,2.292693634279612,3159.0,10001
SUV,White,2013,3.23,Poor,2.935222922240817,3791.0,5956
SUV,Red,2020,3.2,Poor,2.2286092452037694,3223.0,7331
Standard,Purple,2016,2.77,Poor,2.832111728883068,2522.0,3873
Standard,Purple,2013,3.1,Poor,3.2150196200958034,3007.0,4899
Standard,Green,2019,3.0,Good,2.372635411929078,3169.0,8659
Standard,Black,2023,3.12,Good,1.8137410780566103,2512.0,26536
Standard,Purple,2022,2.73,Average,2.069091800939589,2131.0,8097
SUV,Black,2016,3.27,Poor,2.721262319713688,3375.0,6652
SUV,Green,2021,3.28,Poor,2.038783183145503,3081.0,10225
SUV,Black,2021,3.42,Good,2.0535669796360256,3760.0,11982
Standard,Purple,2020,3.08,Poor,2.41870812028323,3007.0,6466
SUV,Purple,2016,3.31,Good,2.7619567194772525,2921.0,6648
Standard,White,2018,3.06,Good,2.6503070947187575,3470.0,8992
Standard,Green,2021,3.01,Good,2.303558540823382,3377.0,10420
Standard,White,2023,3.09,Good,2.0491683031025594,2958.0,16388
Standard,Red,2019,3.23,Poor,2.562508115306165,3294.0,7924
SUV,Purple,2019,3.38,Average,2.475950899203504,3496.0,7320
SUV,White,2020,3.34,Poor,2.173836821934207,2878.0,7496
Standard,Purple,2023,2.9,New Car,1.9925944392552737,2921.0,13087
SUV,Black,2019,3.13,Average,2.4035746679970624,3233.0,8714
SUV,Purple,2021,3.25,New Car,2.176070058475704,3229.0,10128
Standard,Red,2022,2.64,Good,1.981935963856208,2768.0,10760
Standard,Red,2023,2.83,Good,1.9625731011952223,2719.0,14515
SUV,Purple,2020,3.39,Average,2.1118859893429267,3578.0,7779
SUV,Black,2022,3.23,Good,2.1935512056859965,3710.0,12766
Standard,Green,2022,2.94,Good,2.0932541650223784,2862.0,10883
SUV,Purple,2021,3.26,Good,2.2685158774310854,3307.0,11127
Standard,Red,2021,3.14,Good,2.082097822046789,3309.0,10159
Standard,Purple,2021,3.06,Average,2.1980716366248623,,8101
Standard,Red,2023,3.03,Good,1.881125152751742,3114.0,15645
SUV,White,2000,3.37,Poor,2.303201742462346,3266.0,4589
SUV,White,2023,3.36,Poor,2.25525186369467,,11069
SUV,Green,2023,3.36,Good,2.0183459170634164,3571.0,21395
Standard,Purple,2022,2.97,Average,2.199561015358302,3453.0,8035
SUV,Purple,2005,3.32,Poor,2.590754467358066,3462.0,4451
Standard,Purple,2019,0.0,Average,2.367736686193049,3196.0,6251
Standard,Green,2020,3.09,Good,2.2716750512134687,3052.0,10566
Standard,Black,2022,3.01,Average,2.21837936720318,3280.0,9663
Standard,Green,2020,3.17,New Car,2.2611801795436595,3392.0,13186
SUV,Purple,2019,3.32,Good,2.662448188526138,3621.0,8406
Standard,Red,2023,2.96,Average,2.0178276415674126,3188.0,16123
Standard,White,2022,2.9,Good,2.230824609894874,2979.0,10216
SUV,White,2007,3.44,Average,2.8070018576988023,3846.0,6058
SUV,White,2021,3.35,Good,2.2643391324821702,3797.0,11771
Standard,White,2021,2.88,Average,2.415982385669807,,9383
SUV,Green,2023,3.31,Good,2.1315864003349922,3944.0,14572
SUV,Purple,2016,3.44,Average,2.6762423267125364,3609.0,6191
Standard,White,2022,3.16,Average,2.196923538687946,3493.0,10944
Standard,White,2019,3.11,Good,2.3512825096985233,3075.0,8306
SUV,Red,2023,3.26,Good,1.895928660833456,3354.0,13143
SUV,Purple,2016,3.32,New Car,2.661298886019413,3458.0,7837
SUV,Purple,2017,3.34,Good,2.688353224197154,3402.0,8072
SUV,Red,2023,3.44,Poor,2.1430998201484637,3590.0,16686
SUV,Green,2015,3.31,Good,2.7912551026812955,3195.0,7467
Standard,Purple,2020,3.0,Poor,2.176071030541396,3079.0,6602
Standard,Red,2022,3.02,Good,2.22656673610121,3658.0,15324
Standard,Purple,2023,2.82,Good,2.180570956646036,3005.0,10399
Standard,Purple,2017,2.95,Poor,2.7910298700421454,2807.0,5530
SUV,Purple,2021,3.24,Poor,2.172955062141159,,7676
Standard,Black,2022,3.08,New Car,2.120282905201935,3138.0,14917
Standard,Black,2023,3.03,Poor,2.052296063263775,3260.0,13233
Standard,Green,2020,2.81,Good,2.186163064796292,2673.0,8753
SUV,Green,2019,3.23,Poor,2.441137100307027,2595.0,6984
SUV,Black,2021,3.26,Average,2.3651496535208545,2921.0,8893
SUV,Black,2009,3.32,Good,2.70825165781756,3252.0,6446
Standard,Green,2003,2.97,Average,2.284356984600625,2843.0,4808
SUV,Purple,2014,3.39,Good,2.889408649406484,3484.0,6700
Standard,Green,2022,3.0,Poor,2.0360315244523233,3015.0,10103
Standard,White,2023,2.9,New Car,2.162854699092815,2927.0,19011
Standard,Green,1989,3.13,Average,1.7440776751762368,3449.0,4497
Standard,Black,1993,3.09,Good,1.8688154429837858,3264.0,4828
Standard,Black,2020,2.84,Poor,2.2697543053804425,3020.0,7298
Standard,Purple,2022,3.13,New Car,1.9046298451482493,3466.0,12826
SUV,Purple,2018,3.34,Poor,2.776809394288212,3150.0,5985
Standard,Black,2021,3.08,Good,2.2199866457362294,2959.0,11420
SUV,Purple,2021,3.34,Average,2.304811671891337,3473.0,9213
Standard,Red,2016,2.98,Average,2.598401769699061,2833.0,6566
Standard,Purple,2014,3.08,Poor,2.932552503453602,2743.0,4721
Standard,Purple,2023,2.94,Good,1.9551646831943341,2765.0,12865
SUV,Purple,2023,3.24,Good,2.065918020530393,3529.0,13138
Standard,Green,2023,2.91,Poor,2.105690776352647,3326.0,12880
Standard,White,2022,2.94,Poor,2.2231786950502017,2764.0,9530
Standard,Green,2023,3.08,Good,1.9316750351020762,3187.0,17769
SUV,Purple,2019,3.34,Good,2.2995143589373797,3077.0,8467
SUV,White,2021,3.3,Average,2.3454777280710633,2784.0,10337
SUV,Red,2014,3.32,Poor,2.7517486299309817,3194.0,6145
SUV,Red,2022,3.45,Average,1.84482031642067,3407.0,11457
SUV,Purple,2018,3.22,Average,2.50512330876091,3085.0,6658
SUV,White,2023,3.32,Poor,1.7898020875663927,3424.0,14104
SUV,Red,2019,3.23,Poor,2.45175504596686,2670.0,7293
Standard,Purple,2011,2.92,Good,2.9461570923910605,2700.0,5113
Standard,Purple,2023,3.03,Good,2.0382934019643417,3036.0,15672
Standard,White,2023,2.97,Average,2.0065550047475202,2800.0,11269
Standard,Green,2022,3.09,Poor,2.0939203455957847,3627.0,9357
SUV,White,2022,3.22,Good,1.9454193651352434,3342.0,17231
Standard,Green,2023,2.86,Poor,1.9294945050267749,3278.0,9763
Standard,Purple,2022,3.08,Good,2.202897019285266,3275.0,8847
Standard,Black,2021,2.84,Average,2.1848380564199665,3022.0,8889
SUV,Purple,2023,3.2,Poor,2.0655910694181534,3813.0,10773
Standard,White,2022,2.91,Poor,2.0652335560615303,2558.0,9797
SUV,Black,2022,3.33,Poor,2.075432672792352,2917.0,11729
SUV,Black,2021,3.25,Good,2.210273233051121,2940.0,11394
SUV,White,2022,3.39,Good,1.9337899541831294,3180.0,13356
SUV,Green,2018,3.2,Average,2.5614380333473417,,8003
SUV,Red,2023,3.3,Good,1.9208781199719085,3484.0,14861
SUV,Black,2020,3.53,Average,2.2529430275394944,3568.0,10037
SUV,Red,2022,3.3,Good,2.2036385836446017,3703.0,12100
Standard,White,2023,3.11,Poor,2.0818386886405293,2907.0,12315
SUV,White,2022,3.25,Good,2.0756473120793117,3036.0,12769
Standard,Green,2016,3.01,Good,2.6675902581769084,2841.0,7153
Standard,White,2021,2.86,Average,2.1753271332316846,2671.0,8880
Standard,Black,2002,3.07,Average,2.6034272104015836,2529.0,4793
SUV,Purple,2021,3.23,Poor,2.13800308523551,3042.0,8556
SUV,Black,2019,3.21,Good,2.5063172699849536,3469.0,9365
SUV,Green,2022,3.16,Average,2.189586705283458,3226.0,11176
Standard,Green,2022,3.01,Average,2.1182132127996804,3120.0,11570
SUV,White,2018,3.24,Good,2.402610730763536,2850.0,8465
Standard,Green,2021,2.99,Poor,2.303501290872926,3491.0,8615
Standard,White,2022,2.89,Good,2.203051874504264,2880.0,14122
Standard,Purple,2021,2.93,Good,2.145909452916696,3157.0,9038
SUV,Green,2022,3.25,Poor,2.020215414104307,3341.0,12107
Standard,White,2022,3.04,Poor,2.0191611360371464,2626.0,11542
Standard,Red,2013,2.96,New Car,3.007045052356816,3177.0,8434
Standard,Green,2017,2.9,Poor,2.6213023484810423,3017.0,5812
Standard,Red,2022,3.25,Good,1.9779932413467005,3499.0,12610
SUV,Green,2011,3.24,Good,3.027726093900911,2889.0,7366
Standard,Black,2020,2.99,Poor,2.4935984179963118,3410.0,8165
SUV,White,2015,3.22,Average,2.873087775766459,2928.0,6692
Standard,White,2020,3.05,Good,2.328521747733813,3209.0,9853
SUV,White,2023,3.24,Average,1.9514937730083128,,19701
SUV,Green,2012,3.3,Good,2.9925236017212384,3459.0,7822
Standard,Red,2000,3.26,Good,2.396051275848341,3580.0,5582
Standard,White,2018,3.03,Poor,2.4031199707768964,3080.0,6691
Standard,Black,2008,2.93,Poor,2.7608908466048563,2524.0,4693
Standard,Black,2022,3.03,Good,2.0195610068152394,3045.0,11491
Standard,Green,2022,3.19,Average,2.094456231807563,3457.0,10067
SUV,Purple,2021,3.38,Average,2.2611324204415335,3283.0,8648
Standard,White,2021,3.06,Good,1.9830144092851216,3239.0,12255
Standard,Red,2022,2.94,Average,1.9864417130412209,2831.0,9349
SUV,White,2022,3.24,Good,2.0907318425416963,3072.0,13985
Standard,Black,2019,2.89,Poor,2.2835199991549997,3017.0,6886
Standard,Red,2021,2.97,Good,2.218971182165151,3121.0,11625
SUV,Green,2023,3.46,Good,2.0406138488527175,3272.0,17197
Standard,Purple,2019,2.87,New Car,2.376030855722319,2842.0,8107
Standard,Black,2007,2.97,Good,2.824209440490363,2803.0,6051
Standard,Black,2011,3.02,Average,2.7529113624916626,3307.0,5777
SUV,Black,2020,3.2,New Car,2.1220645117324732,3343.0,12734
Standard,White,2022,3.11,Average,2.157292257644651,3264.0,10161
SUV,Green,2015,3.25,Poor,2.9192767638201307,3067.0,6632
Standard,White,2019,3.06,Good,2.396452289725222,2871.0,8669
SUV,Green,2021,3.31,Good,2.2267632695539095,3023.0,13223
Standard,Green,2018,2.94,Average,2.658234097318298,2934.0,6965
SUV,Green,2022,3.09,Good,2.1246529310294835,2864.0,12235
Standard,Purple,2006,3.18,Poor,2.7345513375918613,,4259
SUV,Purple,2022,3.16,Good,2.1458734491260123,3004.0,11074
SUV,Green,2023,3.24,Average,1.9725518078218602,3497.0,15545
SUV,Green,2016,3.21,New Car,2.648147879495737,,8829
Standard,White,2015,3.01,Average,2.7632790723253935,,6557
SUV,Black,2023,3.42,Good,2.044479528938862,3620.0,22782
Standard,Red,2004,3.09,Good,2.535052796676058,3388.0,5724
SUV,Purple,2020,3.46,Good,2.251538164849919,,9686
Standard,Red,2018,3.13,Good,2.524793617301587,3122.0,9435
SUV,Green,2021,3.3,Good,2.2339283649920225,3887.0,10853
Standard,Purple,2022,2.9,Poor,2.0424563946464533,2763.0,7779
Standard,White,2015,3.02,Average,2.7542539413146225,2778.0,6464
SUV,Purple,2015,3.26,Poor,2.8272554859960755,3620.0,5217
SUV,Red,2017,3.32,Good,2.532508701674061,,9336
Standard,Red,2018,3.08,Average,2.6165000198569444,,7146
SUV,Green,2023,3.44,Poor,2.0124267800637377,,16420
SUV,Green,2022,3.3,Average,2.1945785665405118,3928.0,11118
SUV,Red,2014,3.28,Good,2.87742550435774,,7041
SUV,Black,2017,3.32,Good,2.5399487953158597,3136.0,8156
SUV,White,2013,3.33,Good,3.00958532855864,,7202
Standard,Black,2011,3.09,Average,2.680783150354071,3229.0,5677
Standard,Black,2016,3.1,Good,2.7268285684190037,2968.0,7670
SUV,White,2021,3.31,Average,2.224374610341711,3033.0,9405
Standard,White,2022,3.07,Good,1.9747252228228027,2862.0,12676
SUV,Green,2019,3.0,Poor,2.653879272075234,2853.0,7080
SUV,Black,2020,3.14,New Car,2.248852088840494,2988.0,11849
Standard,Red,2019,3.09,Average,2.590411422951514,3144.0,7337
Standard,Purple,2021,3.12,New Car,2.126946477297634,,12435
SUV,White,2022,3.35,Poor,2.059670696607832,3228.0,10480
SUV,Red,2023,3.35,Poor,1.8807393328965492,3921.0,22191
Standard,Black,2013,2.9,Average,2.742788354745141,2674.0,6163
SUV,Black,2023,3.23,Good,2.1579711379572495,2817.0,15647
SUV,Red,2014,3.26,Good,2.8032260858293547,3229.0,7624
SUV,Green,2023,3.33,Good,1.905655896772935,4005.0,15314
Standard,Black,2022,3.01,New Car,2.2702531204410223,3136.0,13321
Standard,Red,2019,3.0,Average,2.3639678076146633,3047.0,7386
SUV,Black,2023,3.27,Good,2.0166097849629367,3069.0,18464
Standard,Green,2020,2.92,Good,2.2495764772670066,2665.0,8316
Standard,Red,1967,3.05,Poor,0.7381114046519432,3052.0,3127
SUV,Black,2016,3.34,Poor,2.710808382502508,3280.0,6037
SUV,Red,2022,3.3,Good,1.9809552580349046,3404.0,12751
SUV,White,2021,3.35,New Car,2.161920118949453,3510.0,14966
SUV,White,2023,3.14,Good,2.1409273099040482,3135.0,14165
SUV,White,2014,3.21,Poor,2.6888104462559785,3506.0,5843
Standard,Red,2017,2.91,Poor,2.6584029244125444,3063.0,6175
SUV,Green,2020,326.0,Good,2.162567901357892,3377.0,10103
Standard,Black,2022,2.97,Good,1.9950534806468143,3231.0,12270
SUV,Black,2014,3.26,Average,2.852724147530134,,6893
SUV,Black,2019,3.48,Good,2.379531234454723,3404.0,10102
SUV,Purple,2019,3.31,New Car,2.36678958126632,3650.0,9495
Standard,Red,2023,3.17,Good,1.9907615497002724,3447.0,14888
Standard,Green,2023,2.95,Average,1.7657406534108229,,14040
SUV,Purple,2022,3.37,Good,2.054369097191627,,10141
SUV,Green,2018,3.28,Average,2.2889898541972884,2957.0,8041
SUV,Purple,2018,3.23,Good,2.4041125219055433,2920.0,7063
SUV,White,2022,3.32,Good,2.146683604306091,3275.0,12364
SUV,Green,2016,3.26,Average,2.624182112145606,3514.0,6966
Standard,Black,2022,2.99,Poor,2.039234584554335,3451.0,10504
Standard,Purple,2014,2.99,Poor,2.9308182516498156,3140.0,4884
Standard,Red,2017,3.14,Average,2.6464307301692194,3440.0,7373
SUV,Purple,2019,3.39,Average,2.4395540253561645,3400.0,7634
Standard,Purple,2021,3.1,Good,2.114478241074293,3068.0,9379
SUV,Purple,2023,3.32,Average,2.0295874075645783,3300.0,11772
SUV,Red,2013,3.53,Average,3.055911649648873,3302.0,7251
Standard,Black,2022,3.05,Average,2.1641774586358715,3353.0,10277
Standard,Purple,2023,2.93,Average,1.8362827031020352,2877.0,8990
Standard,White,2021,2.99,Average,2.315473502390146,Paris,8728
Standard,Red,2022,3.09,Good,2.0709502471132692,3299.0,14780
SUV,Purple,2023,3.41,Average,1.9297728082552956,3376.0,12842
Standard,Red,2023,2.82,Good,2.0688561911053656,2946.0,14380
SUV,Red,2016,3.44,Good,2.8232848103972685,,8049
SUV,Black,1942,3.15,Good,-0.4173149997031387,3297.0,3859
SUV,Purple,2022,3.34,Poor,2.027550739987615,3166.0,8637
Standard,Red,2023,3.0,Good,1.948923058070389,3550.0,14969
SUV,White,2021,3.2,Good,2.1040062756972615,3580.0,12027
Standard,Purple,2017,3.03,Average,2.620254630134841,2794.0,6107
Standard,Green,2023,3.2,Poor,2.1148711598096854,3210.0,14494
SUV,White,2020,3.04,Good,2.1614442331776202,3481.0,9287
SUV,Black,2015,3.21,Good,2.774633040850163,3510.0,8192
Standard,Black,2004,3.08,Good,2.4828709797734403,2577.0,6163
SUV,Red,2022,3.14,Average,1.9999049178579533,2910.0,11199
SUV,Purple,2020,3.37,Good,2.427884734608402,3204.0,9454
Standard,Purple,2022,3.01,Average,2.024717417459631,3055.0,9386
SUV,Purple,2008,3.0,New Car,2.7589405695657168,2559.0,5917
Standard,Black,2022,2.9,Good,2.159214914798953,3076.0,14227
Standard,Purple,2018,3.09,Good,2.525597999641067,2861.0,6740
Standard,Purple,2022,3.1,Average,2.0805199077475676,3512.0,9461
Standard,Purple,2021,2.96,Poor,2.187200211932461,,5753
Standard,Purple,2022,2.9,Good,2.11621591160474,2525.0,8320
SUV,Green,2020,3.35,New Car,2.4435969355426392,3198.0,14213
SUV,Red,2014,3.12,Good,3.010767740395479,3011.0,7540
SUV,Green,2018,3.32,Average,2.570028314825977,3358.0,7853
SUV,Green,2021,3.15,Poor,2.220637090691721,3058.0,7330
SUV,Green,2021,3.52,Poor,2.10084357027222,3440.0,10259
SUV,Purple,2018,3.24,Poor,2.4328272942135793,3021.0,6122
Standard,Purple,2011,2.97,Average,2.830496868586422,3067.0,4500
Standard,Green,2017,3.22,Average,2.6956411268864886,3402.0,7133
SUV,White,2018,3.28,Poor,2.35785960638622,3099.0,6659
SUV,White,2023,3.3,Poor,2.203785773365617,3147.0,10286
SUV,Red,2017,3.35,New Car,2.63012599117414,3099.0,9987
SUV,Purple,2022,3.13,Poor,2.1506235064955894,2715.0,9138
Standard,Purple,2023,2.94,Good,2.0634082693179447,3360.0,11608
Standard,Red,2023,3.01,Poor,2.07083943788895,3199.0,13821
Standard,Green,2023,3.03,Average,2.0827718286009174,2982.0,12433
SUV,Green,2020,3.36,Poor,2.2919155024550504,3364.0,8659
SUV,White,2022,3.42,Poor,2.1455496005931263,,10959
Standard,Red,2020,3.14,Good,2.1150134149227506,3581.0,10026
SUV,Purple,2021,3.33,Average,2.221555485436762,3635.0,8379
SUV,White,2014,3.42,Average,2.8521862812355283,3600.0,7284
Standard,Red,1991,3.25,Poor,1.8607052969070879,2894.0,4282
Standard,Purple,2018,2.99,Poor,2.518763787847331,3043.0,5285
Standard,Purple,2023,3.0,Average,1.8781987317886926,,19065
SUV,White,2022,3.37,Average,2.10917360598561,,13129
Standard,Black,2021,3.03,Good,2.022586016122344,3247.0,9549
Standard,Black,2019,3.14,Poor,2.3988284429805535,3115.0,6624
SUV,Green,2022,3.14,New Car,2.2382430588759954,3298.0,15595
Standard,Purple,2018,2.9,Poor,2.529963150443358,3137.0,5489
Standard,Green,2021,2.93,Good,2.017422015949014,2999.0,10996
SUV,Green,2021,3.47,Good,2.060124502898273,2905.0,13532
SUV,Green,2022,3.31,Good,2.1099493521648744,3571.0,15877
SUV,White,2018,3.45,Good,2.4670456627885056,3373.0,10819
Standard,White,2021,2.96,Good,2.2207294797143855,,10414
Standard,Black,2015,2.98,Good,2.7592502318851704,,6500
SUV,Purple,2020,3.48,Average,2.424572860715899,3432.0,8137
SUV,White,2020,3.13,Poor,2.526569799633983,2772.0,8509
Standard,Black,2023,3.04,Good,1.8869799941466485,3157.0,15256
SUV,Black,2021,3.35,Poor,2.03644959671569,3370.0,11399
Standard,Black,2020,3.11,Average,2.4257947159286477,3319.0,8337
SUV,White,2022,3.13,Poor,1.9997249594257127,3576.0,10142
SUV,Purple,2020,334.0,Average,2.3362477161673127,3713.0,8099
SUV,Green,2023,3.25,Poor,2.28811901723443,3013.0,14409
Standard,White,2023,3.0,Average,2.1808360929428527,3243.0,16841
SUV,White,2019,3.35,Good,2.2910845593747293,3089.0,9271
Standard,Green,2017,3.02,Good,2.603008485992527,3054.0,7726
SUV,Red,2022,3.38,Average,2.1448565975456826,3828.0,13950
Standard,Purple,2020,3.27,Poor,2.4327175889692216,,7368
SUV,White,2023,3.38,Good,1.9113516493695792,3258.0,29521
Standard,Green,2008,2.86,Good,2.8613628023735047,2776.0,5831
SUV,White,2022,3.3,Good,2.1156969544983286,3441.0,17655
Standard,Red,2020,3.15,Good,2.382865416114028,3185.0,10604
SUV,Purple,2021,3.19,Good,2.2504413150647045,3043.0,11365
Standard,Black,2023,3.06,New Car,1.9291905693303697,3073.0,16874
Standard,White,2019,2.9,Average,2.4418225182099382,3104.0,7568
Standard,White,2020,3.0,Good,2.281079372991497,3143.0,10873
Standard,White,2022,2.95,Poor,2.181327082133143,2905.0,7633
Standard,White,2017,3.07,Poor,2.732629921151605,3027.0,5836
SUV,Purple,2019,3.22,Average,2.3212040511808083,3415.0,7050
Standard,Red,2022,3.14,Average,2.0026099202130534,3069.0,10793
Standard,Green,2016,3.1,Good,2.670386426253375,3210.0,7541
Standard,Black,2021,3.11,Good,2.263867316512232,2752.0,10284
Standard,Purple,2021,3.05,Good,1.9903130269804614,3024.0,8450
SUV,White,2022,3.43,Good,1.8998627337690839,3563.0,18629
SUV,Red,2020,0.0,Good,2.3778928879105568,3185.0,9414
Standard,Purple,2023,3.0,Average,2.1824487204867,2748.0,13425
Standard,Red,2019,3.05,New Car,2.5282737965585045,3072.0,12584
Standard,Purple,2006,3.03,Average,2.6080008466573914,3119.0,4193
Standard,Red,2016,3.21,Poor,2.650037541691093,,6046
SUV,Red,2021,3.35,Good,2.206373218883378,2889.0,10948
SUV,Purple,2017,3.34,Average,2.5609487675654194,2949.0,6959
Standard,Red,2023,3.01,Good,2.0502363680140525,,15528
Standard,Red,2018,2.97,Good,2.522888577912156,3053.0,7595
Standard,Red,2020,3.03,Poor,2.1410112204039606,3194.0,7999
SUV,Purple,2019,3.23,Average,2.3496224694689833,3045.0,6553
Standard,Red,2021,2.82,Average,2.100076020794926,2268.0,9152
SUV,Black,2014,3.2,Average,2.7672462793750903,,6870
SUV,Red,2023,3.26,Good,1.9382639905705894,3569.0,17489
Standard,Purple,2021,2.86,Good,2.2130892984227195,2920.0,10997
SUV,White,2008,3.31,Poor,2.691319915091478,3319.0,5441
Standard,Red,2021,2.92,Poor,2.214202820397746,2690.0,8525
Standard,Black,2016,2.99,Good,2.7755167798028957,3354.0,7448
Standard,Purple,2023,3.13,Poor,2.1106238328199525,2965.0,10086
SUV,Purple,2023,3.21,Average,1.9155103273431786,3741.0,10527
Standard,White,2010,3.09,Good,2.7681009691047467,3259.0,6216
SUV,Green,2023,3.34,Good,2.030972058861117,3437.0,17407
Standard,Purple,2021,2.87,New Car,2.3584040718034887,,11077
Standard,Black,2017,3.16,Good,2.6368694194950915,2788.0,8017
SUV,White,2019,3.54,Poor,2.37204636638878,3485.0,8991
Standard,Green,2021,2.94,Average,2.1630753008123818,3152.0,10456
SUV,Black,2021,3.03,Poor,2.1640803592619835,,8504
SUV,Red,2020,3.22,Average,2.453389308546,3579.0,9042
SUV,Green,2021,3.49,Average,2.1541367274840675,3877.0,9954
Standard,Purple,2019,2.91,Average,2.3349921957795496,2577.0,6666
SUV,Black,2020,3.21,Good,2.18347025778224,3405.0,10954
Standard,Purple,2021,2.96,New Car,2.1964351523768335,2917.0,10670
Standard,White,2022,3.11,Average,2.049873527164501,2564.0,10849
SUV,Green,2017,3.35,Average,2.4611594650303736,3172.0,7930
Standard,Purple,2022,3.0,Good,2.0396881877408384,3333.0,11237
Standard,White,2023,2.91,Good,1.8220864655836677,2512.0,15447
SUV,Black,2022,3.27,Average,2.133313605396622,3228.0,13496
Standard,Green,2001,2.97,Good,2.3332270951847023,2899.0,5491
SUV,Purple,2023,3.38,Good,1.8615618668941467,3237.0,12310
Standard,White,2023,3.07,Average,2.1447670412598083,2847.0,14019
SUV,White,2023,3.17,Good,1.939292758316452,3204.0,19827
Standard,Black,2021,2.98,Average,2.327837077902597,3150.0,9412
Standard,Black,2021,2.97,Average,2.197880289961661,3271.0,11238
SUV,Red,2021,3.52,Good,2.4782888226727695,,12365
SUV,Purple,2016,3.3,Poor,2.5823793563713258,3169.0,5094
Standard,Green,2016,2.91,Poor,2.7192751121537615,2914.0,5752
Standard,White,2021,2.93,Poor,2.072387580899936,2680.0,7832
SUV,Black,2019,3.37,Good,2.535330539294144,3202.0,9397
Standard,Green,2021,3.16,Average,2.153840004648264,2945.0,10756
SUV,White,2022,3.21,Poor,2.094407910276171,3201.0,10648
SUV,Green,2015,3.39,Average,2.6026238514487403,3291.0,6881
SUV,Green,2018,3.34,Average,2.3267556697172487,3253.0,7960
SUV,White,2023,3.36,Good,2.0619818484215093,3197.0,20050
Standard,Purple,2019,3.13,Good,2.3673519466946362,3166.0,7633
Standard,Purple,2021,2.93,Average,2.136435714139788,,7993
Standard,White,2013,2.88,Good,2.893791397688842,2760.0,6380
SUV,Red,2023,3.49,Good,2.044996435218789,3464.0,19211
Standard,Red,2019,2.98,Good,2.5071879087437345,3403.0,9315
SUV,Green,2019,3.47,Good,2.453710706627489,3701.0,10848
Standard,Green,2021,3.0,Good,2.2908331321353215,2928.0,11067
Standard,White,2016,2.91,Average,2.847433147951145,,6658
Standard,Red,2023,3.05,Good,2.0420552151989706,2984.0,13930
Standard,White,2022,3.1,Poor,2.176589730330697,3083.0,12302
Standard,Black,2020,3.07,Average,2.3891008188969494,2895.0,8477
SUV,Purple,2022,3.22,Good,2.1279106494983355,3046.0,11267
Standard,Green,2023,3.17,Good,1.9389677418081104,3241.0,15191
SUV,Purple,2014,3.3,Poor,2.941347799919971,3796.0,5284
Standard,Green,2016,3.04,Good,2.826608303476992,3006.0,7901
SUV,Purple,2023,3.32,New Car,2.0347062482104317,3359.0,14042
Standard,Green,2016,3.01,Poor,2.6717041864742272,2657.0,6126
SUV,Green,2022,3.23,Good,2.2021763387332065,2970.0,13702
SUV,Purple,2015,3.27,New Car,2.8200799637075873,3187.0,8090
SUV,Red,2018,3.32,Good,2.61846115246815,3160.0,8819
SUV,Purple,2022,3.21,Poor,2.088220733675221,3433.0,8671
SUV,Black,2021,3.17,New Car,2.227957367308888,2982.0,13780
SUV,Purple,2019,3.31,Good,2.470157409224902,3132.0,8427
SUV,Red,2023,3.13,Average,1.8973567644615204,2986.0,15101
Standard,Red,2012,2.83,Average,2.9595313265877525,3014.0,5336
SUV,Purple,2007,3.36,Poor,2.640883354501801,3499.0,4375
Standard,Red,2016,3.12,Good,2.7363509863061806,3174.0,7816
Standard,White,2022,3.11,Average,2.113965127662575,3380.0,10418
SUV,Purple,1993,3.28,Poor,1.9280142224692551,3393.0,3588
Standard,Green,2023,2.97,Good,1.9709004517362478,2790.0,16716
Standard,Green,2019,2.79,Average,2.5052982743004026,3088.0,7329
SUV,Black,2022,3.34,Good,2.1133596386349116,3512.0,12525
Standard,Green,2023,2.92,Poor,2.030014857919041,2592.0,16744
SUV,Black,2019,3.3,Good,2.488447081225566,3336.0,10714
Standard,White,2022,3.03,Average,2.0456565996293983,3477.0,10137
Standard,Green,2017,2.99,Good,2.700672603022343,3110.0,8647
Standard,White,2019,3.06,Good,2.4732640056399573,2808.0,9009
Standard,Red,2023,2.99,Average,1.9188315959245235,3069.0,12238
SUV,Red,2021,3.39,Average,2.204736056035403,3634.0,10640
SUV,Black,2019,3.33,Average,2.488186688696457,3108.0,8884
Standard,Purple,2022,3.02,Average,2.211124316925436,2813.0,8143
SUV,Black,2022,3.5,Average,2.101631106051436,3368.0,16542
Standard,Black,2021,3.05,Poor,2.198706632840732,3140.0,8752
Standard,Black,2022,2.97,Good,2.1666746987450773,2939.0,12507
SUV,Purple,2021,3.08,New Car,2.10618857918752,3295.0,10875
Standard,Green,2019,3.01,Good,2.4589981746982383,3149.0,9559
SUV,Red,2020,3.21,Poor,2.209507397969789,3386.0,8043
SUV,,2022,3.36,Average,2.0814722217536277,3950.0,12285
Standard,White,2018,3.08,Good,2.360962223367625,2792.0,8036
SUV,Purple,2021,3.39,Good,2.234459379479893,3696.0,9876
Standard,Green,2023,2.96,Average,2.0363554944437765,2867.0,12801
SUV,Red,2023,3.55,Poor,2.0310467554215457,3593.0,12907
Standard,Purple,2021,2.95,Average,2.164352566376171,,8458
SUV,Red,2022,3.3,Good,1.9909013846040362,3983.0,13826
SUV,White,2018,3.36,Good,2.6493003982215395,3109.0,8716
Standard,Green,2022,2.98,Good,2.1262781863636535,3523.0,11941
SUV,White,2021,3.33,Good,2.1853804978784375,3137.0,11320
Standard,Black,2021,3.0,Good,2.268025426187475,2733.0,9593
Standard,Black,2021,2.82,Good,2.104155101183913,3017.0,9117
SUV,Purple,2021,3.54,Good,2.282758756404802,3447.0,11425
Standard,Green,2018,2.93,Good,2.4191791202851283,2720.0,7775
SUV,White,2019,3.15,Good,2.528417313860108,2498.0,9755
Standard,Green,2021,2.75,Average,2.07845529450011,2537.0,8431
SUV,Black,2023,3.34,Average,1.9810244256365974,3333.0,14150
SUV,White,2021,3.38,Good,2.219920361734746,3316.0,10371
SUV,Green,2021,3.23,New Car,2.1029743566896277,3353.0,13560
Standard,Red,2019,3.04,Poor,2.3447073443531434,2979.0,6969
Standard,Black,2022,2.82,Average,2.1258171892637336,3089.0,9890
Standard,Red,2020,2.89,Average,2.3621056958387854,3068.0,7752
Standard,Green,2021,2.79,Average,2.081228117434705,2464.0,8394
Standard,Purple,2022,2.87,Good,2.171373818716981,2139.0,9627
SUV,Red,2014,3.37,Good,2.8686816321467714,3355.0,7453
Standard,Green,2020,2.98,Good,2.3647362929239,2893.0,10238
SUV,Green,2022,3.32,Average,2.1554989776111904,2878.0,12512
SUV,Red,2020,3.17,Good,2.3105852291540345,3788.0,10048
SUV,Black,2010,3.25,Good,2.6964748735083806,3268.0,6405
SUV,White,2020,3.15,Good,2.1608354701363823,3320.0,9786
Standard,Red,2020,3.08,Average,2.3745875191614494,3285.0,9126
SUV,White,2022,3.24,Average,2.1202137592143795,2914.0,10454
Standard,Green,2022,3.03,Poor,2.0276387667171702,2929.0,9053
SUV,Red,2022,3.45,Average,2.091498799776287,3117.0,13650
Standard,Black,2022,2.85,Average,2.0749315995431754,2659.0,10608
SUV,Purple,2023,3.3,Good,1.9927642452788035,3430.0,14824
Standard,Red,2019,2.94,Good,2.4284784389437424,3406.0,8727
Standard,Red,2023,2.86,New Car,2.0447993123364525,2729.0,51684
SUV,Red,2020,3.16,Poor,2.2000392706981553,,9092
Standard,Purple,2017,2.89,Average,2.6695532858038957,2831.0,5867
Standard,Black,2015,3.01,Average,2.58449619124819,2887.0,6573
SUV,Black,2020,3.34,Average,2.297188364019043,3186.0,10081
SUV,Green,2021,3.35,Average,2.2074541042831632,3514.0,10447
Standard,White,2022,2.77,Good,2.0597473085841402,,10070
SUV,Black,2023,3.14,Good,1.9362800467529384,3396.0,13682
SUV,Black,2023,3.42,Poor,2.0614957572774464,3690.0,15249
Standard,Black,2021,2.87,Average,2.09457013265412,2788.0,9522
SUV,Purple,2022,3.28,Poor,2.0987718632163785,2694.0,8601
SUV,Purple,2019,3.36,Good,2.4290720173378806,3416.0,7951
SUV,Green,2020,3.28,Good,2.2994213665746233,3580.0,9488
SUV,Green,2020,3.31,Poor,2.414253269776767,3280.0,8411
SUV,Black,2021,3.06,Good,2.2901372026348694,3366.0,10083
Standard,White,2018,3.08,Average,2.4462291643229146,3142.0,7102
SUV,Red,2019,3.37,Average,2.4666345856177823,,8907
SUV,Red,2021,3.32,Average,2.4989754687220307,3593.0,11491
SUV,Green,2022,3.11,Good,2.130745862600005,2931.0,13766
Standard,Purple,2022,3.02,Poor,1.8131472996355384,2917.0,9264
Standard,Red,2020,3.01,New Car,2.2388524882818466,,11324
Standard,Black,2015,3.08,Average,2.848919607942511,3251.0,6563
SUV,Green,2019,3.48,Good,2.2878584699194704,3705.0,10816
Standard,Green,2012,2.96,Poor,3.117694972299817,3161.0,5275
Standard,Red,2021,2.91,Poor,2.2481650382147094,2956.0,8398
Standard,Green,2020,3.05,Poor,2.214311346836431,3053.0,6665
Standard,Purple,2021,3.08,Good,2.103570132140039,3029.0,9600
Standard,Green,2018,3.01,New Car,2.7012577260372996,2879.0,9566
Standard,Green,2023,2.97,Average,2.1398204930921016,2942.0,11739
Standard,Purple,2022,2.96,Good,2.159853604060507,2776.0,12435
Standard,White,2022,3.18,Average,1.8956857459223377,3292.0,12993
Standard,Purple,2023,3.05,New Car,2.0083355728777543,2882.0,15966
Standard,Purple,2021,2.94,Average,2.1139153100058725,2936.0,8441
SUV,Black,2009,3.42,Good,2.6688768237027825,3266.0,7126
Standard,Black,2023,2.98,Average,2.1132580729193067,,14932
Standard,Red,2005,2.95,Poor,2.7190432434345833,2912.0,4337
Standard,White,2020,2.84,Good,2.2750386534821394,2557.0,8410
Standard,Green,2019,3.0,Poor,2.376482194505287,2906.0,7177
SUV,Red,2018,3.33,Poor,2.4506098544017094,3175.0,7675
SUV,Green,2022,3.41,Average,2.0411360878788214,,12029
Standard,Purple,2019,2.77,Good,2.464907488675441,2635.0,7517
SUV,White,2020,3.32,Good,2.328885488041911,3111.0,10730
SUV,White,2017,3.26,Good,2.5020398964159885,3168.0,7876
SUV,Green,2022,3.48,Poor,2.1614039106081004,3538.0,11375
Standard,Green,2022,3.04,Good,2.182735168188879,,14627
SUV,White,2016,3.25,Poor,2.752588753193243,3346.0,6242
SUV,Purple,2017,3.09,Poor,2.6865716637534756,3184.0,5158
Standard,Green,2022,2.95,New Car,2.244609798226552,2980.0,14490
SUV,Black,2021,3.14,Poor,2.175690892680871,3149.0,9302
Standard,Green,2021,2.99,Average,2.2670037372299787,,8759
SUV,Red,2023,3.03,Good,2.021297595996155,2768.0,14680
Standard,Purple,2023,2.87,Average,2.0407607080263443,2969.0,10786
SUV,Red,2017,3.27,New Car,2.639366751669053,3348.0,9730
Standard,Purple,2011,3.05,Poor,2.868742748748412,3154.0,4537
Standard,Purple,2019,2.97,Poor,2.4696535365229697,2608.0,5943
Standard,Black,2018,2.95,Good,2.420074249779886,2888.0,8581
SUV,Green,2019,3.43,Poor,2.305968373543791,3576.0,7135
Standard,Green,2023,3.09,Good,2.056346720575388,,14436
SUV,Purple,2023,3.38,Poor,1.9227658388416697,,14582
SUV,Green,2022,3.28,Good,1.9666826505984951,3443.0,13327
Standard,Purple,2018,3.05,New Car,2.5537750675803137,3087.0,9508
Standard,White,2022,2.98,Average,2.0195574969908954,2983.0,12438
SUV,Green,2021,2.94,Average,2.2283362851662525,3002.0,10070
SUV,Green,2023,3.37,Good,1.9418902761914294,,27275
SUV,Green,2021,3.33,New Car,2.1754701398855043,3104.0,14627
Standard,Purple,2022,3.1,Average,2.097290343222491,2953.0,8756
SUV,Red,2021,3.26,Good,2.023698912573995,3649.0,12943
Standard,Black,2013,2.9,Average,3.118555212660629,2902.0,5924
SUV,Black,2019,3.41,Average,2.3369442948248307,,8911
SUV,Green,2019,3.43,Average,2.374999186605984,3183.0,8796
Standard,Black,2022,3.01,Average,2.1352412951429485,3117.0,11241
SUV,Red,2018,3.03,Average,2.600802293298977,,6963
SUV,Green,2022,3.17,Good,2.158040400218108,2599.0,14281
Standard,Red,2005,3.08,Average,2.694619852937726,3032.0,5046
SUV,Purple,2022,3.25,Poor,1.936312974530928,2959.0,8591
Standard,Red,2018,3.07,Poor,2.281691848241298,3227.0,7235
SUV,White,2014,3.35,New Car,3.084192761353722,3188.0,9689
Standard,White,2021,3.04,Poor,2.083376013823951,2724.0,8813
SUV,White,2022,3.46,Good,2.029809308637038,3855.0,13869
SUV,White,2019,3.32,New Car,2.3563785012737255,3176.0,13053
Standard,Purple,2018,3.01,Good,2.3854664886721197,3345.0,7692
Standard,White,2019,2.96,Average,2.39733207345203,2783.0,7910
SUV,Green,2002,3.45,Average,2.656907652559978,3747.0,5609
SUV,Red,2020,3.24,Poor,2.4142766140536476,3498.0,6967
Standard,Red,2023,3.08,Poor,1.9367486554155902,3142.0,13593
Standard,White,2018,3.0,New Car,2.4714378238602244,2962.0,8749
Standard,Black,2019,2.82,Average,2.540765619108419,,7304
Standard,Green,2008,2.9,Average,2.7575285306922375,2840.0,4866
SUV,Green,2018,3.28,Poor,2.553479717469035,,7484
Standard,White,2018,3.04,Average,2.479475179945731,3246.0,7261
SUV,White,2022,3.12,Good,2.06888390471477,2985.0,15115
SUV,Red,2020,3.33,Average,2.403224921483831,3478.0,9352
Standard,Green,2021,2.93,Good,2.272748546771062,3386.0,10379
SUV,White,2018,3.45,New Car,2.357793978654505,,10890
SUV,Red,2023,3.33,Good,2.009112499740795,3495.0,18549
SUV,Red,2023,3.26,Average,2.0558001333671756,3274.0,17111
Standard,Green,2019,2.89,Average,2.4812884554517396,3005.0,7366
Standard,White,2021,3.02,New Car,2.067478666216375,2919.0,13916
SUV,Purple,2021,3.49,Good,2.1123592197535395,3637.0,10428
Standard,Black,2021,2.9,Poor,2.198803775216793,2865.0,7690
SUV,Green,2022,3.16,Good,2.016811457260056,3690.0,13655
SUV,Purple,2022,3.31,Good,2.100683682544088,3344.0,10006
Standard,Purple,2017,3.03,Poor,2.559374507564356,3221.0,5164
Standard,Red,2022,3.01,Average,2.1284934443751657,2867.0,10460
SUV,Green,2023,3.27,Average,1.9898524827789101,3256.0,16286
Standard,Red,2023,2.83,Poor,2.1508755660132404,2721.0,9383
Standard,Red,2016,3.07,New Car,2.82316419617531,3057.0,8491
Standard,Purple,2023,3.03,Average,1.7435881173891405,2953.0,17102
SUV,Green,2019,3.2,Good,2.4179301302592324,2796.0,9307
Standard,Purple,1994,3.0,Good,2.1433651311071866,2783.0,4351
SUV,White,1992,3.47,Average,2.0547536300486606,3490.0,5104
SUV,Red,2018,3.44,Good,2.6187757453967104,3529.0,9636
Standard,Purple,2006,2.98,Poor,2.6229703829048407,2843.0,3912
Standard,Green,2020,3.17,Poor,2.3299236652357336,3062.0,8387
SUV,Purple,2023,3.22,Good,2.0227061446502157,,14414
Standard,Red,2016,2.86,Good,2.8381625718830517,2554.0,7116
Standard,Purple,2014,2.78,Good,2.8309618216638093,2378.0,5951
Standard,Purple,2020,3.06,Average,2.3671492215590404,3587.0,7455
Standard,Red,2023,3.2,Poor,1.97728516237192,3193.0,12494
SUV,Green,2023,3.15,Poor,1.7548116005835812,,15460
Standard,Green,2022,2.92,Average,2.109419846545797,3148.0,9903
SUV,Purple,2020,3.36,Good,2.399668953176748,2837.0,9118
Standard,Black,2016,3.1,Good,2.873238729677812,3473.0,7423
SUV,Black,2017,3.23,Good,2.5606237573576327,3473.0,8546
SUV,Green,2022,3.38,Good,2.1484678186477253,,14836
SUV,White,2022,3.25,New Car,1.9643845501123742,,15832
Standard,Red,2022,2.93,Poor,2.230470813623852,3215.0,9725
SUV,Red,2020,3.37,New Car,2.34717030866758,3656.0,13201
SUV,Red,2022,3.12,Good,2.0523366461849664,3013.0,10643
Standard,Red,2023,3.1,Good,1.9392121645315414,2900.0,15847
Standard,Purple,2018,2.97,Good,2.5676634243158074,,6728
Standard,Red,2018,2.91,Good,2.358773146230819,,8560
Standard,Purple,2020,2.93,New Car,2.411458865700969,2826.0,9618
SUV,Purple,2023,3.3,Average,1.88557346849004,3506.0,14054
Standard,Green,2019,2.99,Average,2.291259782660721,3348.0,8132
SUV,Red,2017,3.32,Good,2.622265133365417,3726.0,8057
Standard,Black,2023,3.12,Average,2.119219497942824,3164.0,13380
SUV,Red,2014,3.33,Good,2.868905849030105,3466.0,7431
Standard,Green,2021,3.09,Good,2.377376830337538,2832.0,11930
Standard,Black,2020,3.02,Good,2.3419047582221992,2781.0,9137
Standard,White,2020,3.14,New Car,2.50816491959877,3102.0,11309
SUV,Red,2022,3.11,Average,2.1881722399177153,2694.0,11287
SUV,Green,2020,3.25,Poor,2.1852573552041448,,7944
SUV,Purple,2020,3.37,Good,2.395374830157051,3369.0,9231
Standard,White,2019,2.9,Good,2.4637244955664634,3184.0,8429
Standard,Purple,2023,3.01,Average,2.1298186345450487,2625.0,11810
Standard,Purple,2023,3.07,Poor,2.011476209080294,3230.0,12525
SUV,White,2000,3.15,Good,2.4571295520457275,3367.0,5351
SUV,Green,2022,3.15,Good,2.0181466997368975,,12391
SUV,Purple,2020,3.31,Average,2.429806909808444,3860.0,8129
Standard,Red,2020,2.96,New Car,2.556407409841784,3045.0,10370
Standard,Red,2016,2.99,Good,2.813870748006572,2962.0,7880
Standard,White,2022,2.97,Good,2.325612915021449,2820.0,13669
Standard,Purple,2022,3.01,Good,2.137856495131363,3390.0,9427
Standard,Green,2020,3.14,Good,2.4730666263377037,3499.0,10524
SUV,Red,2015,3.3,Good,2.849991453147741,3770.0,8254
SUV,White,2020,3.37,Good,2.4229001523159877,3435.0,10473
SUV,Black,2023,3.31,New Car,1.881637635002985,3131.0,18212
SUV,Purple,2016,3.32,Good,2.740979435503122,3684.0,7085
SUV,White,2023,3.15,New Car,2.102619443607903,2655.0,21403
Standard,Black,2022,2.9,Good,2.1138634621125627,2754.0,10146
SUV,Black,2018,3.15,Average,2.379880773348378,2963.0,7677
Standard,Green,2015,2.9,Poor,2.705970027029909,2786.0,5277
Standard,Green,2021,3.03,Average,2.352633097743426,2685.0,10096
Standard,White,2022,3.03,Good,2.074966920556623,3103.0,12863
SUV,White,2017,3.3,Average,2.7105113529580165,3650.0,8191
SUV,White,2021,3.34,Average,2.3735753304639142,3381.0,10787
SUV,Red,2021,3.2,Poor,2.2854474284483075,2906.0,8016
SUV,White,2021,3.26,Good,2.0771432883129837,3421.0,12575
SUV,White,2020,3.13,Good,2.197174586638809,,8579
SUV,White,2023,3.38,Good,2.320923912199791,3299.0,16858
SUV,Purple,2013,3.16,Average,2.9789179504576326,2851.0,5410
Standard,Red,2019,2.92,Good,2.451870173106587,2706.0,8336
Standard,Red,2014,2.88,Good,2.7352479091373016,,7263
Standard,Red,2023,2.83,Good,1.861303107339325,2873.0,15838
SUV,Black,2023,3.14,Good,2.1302402840541346,2798.0,18596
Standard,Purple,2020,2.99,Good,2.2008071499317885,3274.0,8458
Standard,Red,2019,2.97,Good,2.5154370436625006,,8830
Standard,White,2023,3.13,Average,1.9492129215627136,2913.0,13577
Standard,Red,2018,2.88,Good,2.4546157153486905,2989.0,7996
Standard,White,2014,2.96,Good,2.9613232595876693,3240.0,6134
Standard,Red,1988,2.82,New Car,1.852177979192446,3057.0,4966
Standard,Red,2016,3.18,Average,2.7230774864879983,3447.0,6800
SUV,Black,1999,3.33,Good,2.3674496077382416,3623.0,5677
Standard,Purple,2023,3.09,Good,1.9200216441310474,,11769
Standard,Red,2007,3.09,Average,2.5864299501644186,2930.0,5149
SUV,Green,1997,3.35,Average,2.2344656123730244,3795.0,5140
Standard,Black,2021,2.98,Poor,2.2241106401601782,,8836
Standard,White,2021,2.99,Average,2.326168608925253,2900.0,10061
SUV,Green,2020,3.32,New Car,2.3985231950144152,3509.0,11610
SUV,White,2020,3.23,Good,2.2860614260726386,3433.0,10077
SUV,White,2023,3.43,Good,1.982439324885312,3485.0,19918
Standard,Green,2011,3.07,Good,2.8633070560681637,3029.0,6533
Standard,Purple,2023,2.97,Poor,1.94542978199673,3100.0,11385
Standard,White,2021,2.86,Good,2.207730707479258,,9787
SUV,Purple,2019,3.13,New Car,2.4430683840980945,,9130
Standard,White,2022,2.88,Poor,2.1708864291932835,,9026
Standard,Green,2023,2.99,Average,2.10151341445177,2604.0,19457
Standard,Purple,2020,2.94,Good,2.331716885814269,2697.0,7847
Standard,Black,2007,3.11,New Car,2.4490958394391678,3159.0,6891
SUV,White,2013,3.34,Average,3.110225339428598,3594.0,6410
Standard,Purple,2022,3.14,Poor,2.1017067670164242,3329.0,8496
SUV,Green,2019,3.34,Good,2.5398191508673156,3969.0,9248
Standard,White,2022,2.93,Average,2.16418357742574,2939.0,11354
Standard,White,2022,3.03,Poor,2.211268181000682,,8986
Standard,Green,2023,3.07,Poor,2.056379992060815,3392.0,16393
Standard,White,2023,2.85,New Car,1.9906085474351372,2808.0,13628
Standard,White,2021,3.08,Good,2.170757163191329,2999.0,10370
Standard,Green,2019,3.12,Poor,2.448957741200026,3440.0,7275
SUV,White,2022,3.39,Good,2.174903680650774,3709.0,12280
SUV,Purple,2022,3.61,Good,2.243143029984091,3443.0,13069
SUV,Purple,2018,3.27,Average,2.368582953290521,3202.0,6874
SUV,Red,2021,3.15,Good,2.1517999848894234,3042.0,10802
SUV,White,2023,3.27,Good,1.9697729880815211,3654.0,21950
Standard,Red,2023,2.96,Good,2.054599448604677,2601.0,14680
Standard,Black,2010,3.02,Poor,2.865616902715496,2863.0,5042
Standard,White,2023,2.85,Good,1.820672865163977,2969.0,16248
Standard,Black,2021,2.87,Poor,1.963406365894871,2972.0,9176
Standard,White,2023,2.99,Poor,1.9802761092714907,,14489
Standard,Red,2022,2.97,Poor,2.123324153790195,3208.0,11946
SUV,Red,2023,3.31,Good,2.0191128550959405,3294.0,20420
SUV,Green,2022,3.37,Good,2.1710134515294546,2734.0,12443
Standard,White,2021,3.06,Good,2.1061592010600743,,11705
SUV,Red,2016,3.34,Poor,2.683251753972721,3660.0,6331
SUV,Black,2023,3.23,Average,2.0923419293197827,3125.0,15471
SUV,Purple,2020,3.23,Good,2.1678849691636284,3251.0,9460
Standard,White,2019,2.9,Average,2.320691393387868,2881.0,7334
SUV,Green,2020,3.2,Poor,2.431805286934133,2915.0,8070
SUV,Purple,2016,3.2,Poor,2.737267160817659,3448.0,5248
SUV,Black,2021,3.24,Average,2.2251941436199396,3631.0,9223
SUV,Red,2023,3.06,Good,2.104197080088345,2763.0,13901
SUV,Black,2023,3.32,Good,2.0095208514364993,3331.0,20275
SUV,Purple,2019,3.32,Average,2.5006002538289063,3656.0,7560
Standard,Black,2022,2.92,Good,2.1145609313887697,,10369
SUV,Purple,2018,3.25,Good,2.4188304837060137,2987.0,7435
Standard,Green,1992,3.15,Average,1.9029219858985862,2816.0,4603
SUV,Black,2022,3.22,Poor,2.1733781398988756,3225.0,9379
SUV,White,2021,3.31,Poor,2.157082819787287,3170.0,9588
Standard,Green,2022,2.97,Poor,2.1261075143097257,2685.0,8361
Standard,Red,2022,2.99,Average,2.183523095266525,2976.0,9495
SUV,Purple,2022,3.3,Good,2.015210355953589,3755.0,11581
SUV,Purple,2022,3.17,Average,2.10656676971624,3178.0,8905
SUV,White,2011,3.47,Good,2.975246172578458,2955.0,8130
SUV,White,2023,3.49,Good,2.0542917701964205,3650.0,19036
SUV,White,2011,3.35,Poor,3.03065158152837,3614.0,5439
SUV,Purple,2013,3.47,New Car,2.9921950662726573,3406.0,7338
SUV,White,2022,3.16,Poor,2.256703671415139,3001.0,11110
Standard,Black,2022,3.09,Average,2.10986284847714,2777.0,10757
SUV,Red,2010,3.19,New Car,2.685837328130013,,7652
Standard,White,2023,3.01,Good,2.0926958459505154,2881.0,15788
SUV,Green,2022,3.26,Good,2.050726446606354,3255.0,15695
Standard,Green,2022,3.2,Good,1.973940161766811,3098.0,14137
SUV,Green,2022,3.35,Good,2.1230642169755347,3596.0,14385
SUV,Purple,2022,3.39,Good,2.1076168780041393,3105.0,12904
Standard,Black,2023,2.85,Good,1.9579480575678738,3101.0,19664
Standard,White,2006,2.9,Good,2.624144498655277,3157.0,5635
Standard,Red,2019,3.13,Average,2.462167980066913,2764.0,7836
Standard,Black,2015,3.01,New Car,2.695318163689282,2665.0,8559
Standard,White,2022,2.85,New Car,1.991920773509124,3153.0,14578
Standard,Black,2008,3.21,Good,2.7846795438211074,3107.0,6836
Standard,Black,2013,3.01,Good,3.1134043811754037,2971.0,6569
Standard,Black,2022,2.84,Poor,2.0851112970486487,3000.0,9246
Standard,Purple,2022,2.99,Average,1.8966268360604475,2943.0,8311
Standard,Green,2017,3.13,New Car,2.619224417578819,2709.0,9389
Standard,Purple,2018,3.09,Poor,2.506482383219654,2906.0,4938
SUV,Red,2022,3.2,New Car,2.1893351301891566,,13502
SUV,White,2022,3.35,Good,1.9477171963887334,3673.0,13057
Standard,Red,2020,2.98,Poor,2.2256298382882056,2722.0,8158
Standard,White,2020,2.89,Average,2.294712181078784,3044.0,7905
Standard,Green,2015,2.94,Average,2.9419814468549266,2823.0,6513
SUV,Green,2022,3.08,Poor,2.1630220569995866,2708.0,11107
SUV,White,2023,3.28,Average,1.908664029759043,3660.0,13984
SUV,Purple,2018,3.33,Good,2.50360020546203,3491.0,8329
Standard,Purple,2017,2.88,Average,2.623767158586175,3211.0,5889
Standard,Red,2015,2.93,Good,2.698151207294666,3074.0,7500
Standard,Black,2022,3.11,Poor,2.113499219869311,3198.0,10398
Standard,Purple,2017,2.9,Good,2.7328147480389746,2746.0,6472
SUV,Purple,2020,3.21,Poor,2.3320858105100295,3649.0,7425
Standard,White,2020,3.01,Poor,2.297780057772576,2923.0,8765
Standard,Green,2021,2.99,Average,2.2956873527033346,2881.0,8943
SUV,Green,2019,3.15,Poor,2.2899840803402096,3699.0,7751
SUV,Black,2022,3.37,Average,2.064361406600479,3164.0,12161
SUV,White,2018,3.43,Average,2.4460937715238487,3412.0,8150
SUV,Green,2022,3.21,Good,2.1580738081958093,,12711
Standard,White,2022,2.95,Poor,2.022328401871451,3113.0,9822
Standard,Black,2021,2.96,Average,2.250757266581027,2787.0,9392
Standard,Red,2018,3.06,Good,2.4311734067866855,3276.0,8101
Standard,Red,2021,3.15,Good,2.2590291550452193,3588.0,11793
Standard,Red,2023,2.94,Poor,1.98430372618278,3322.0,15338
Standard,Red,2023,2.87,New Car,1.9330234908564101,2662.0,22342
SUV,Red,2022,3.2,Average,1.9546574859706736,3018.0,12749
SUV,Black,2022,3.28,Poor,2.0325062060447214,3359.0,8619
Standard,Black,1944,2.94,Average,-0.4162566268010206,2552.0,3243
Standard,Red,2019,3.08,Good,2.330462360091257,3333.0,9604
Standard,Black,2021,3.19,Poor,2.2313392034007355,,9469
Standard,Black,2023,2.93,Poor,2.122717719310211,,13080
SUV,Red,2019,3.27,Average,2.5604919337122127,3199.0,8822
SUV,White,2015,3.24,Poor,2.891653012675347,3537.0,6269
SUV,White,2021,3.53,Poor,2.0727081322110767,3691.0,9418
Standard,Green,2023,2.97,Average,1.960092895757484,3298.0,15271
Standard,Red,2017,2.97,Good,2.528448055161378,2950.0,7664
Standard,Red,2012,2.99,Average,3.024564552188658,2783.0,5646
Standard,Black,2019,3.09,Good,2.670446947285869,3067.0,9137
SUV,Red,2022,3.36,Average,1.9725975924519303,3441.0,12947
Standard,Black,2022,3.07,Good,2.0948520615982966,2810.0,13553
Standard,Red,2018,3.09,Good,2.5013526270740116,2941.0,8783
Standard,Red,2022,3.0,Average,2.0846458367247958,2877.0,11300
Standard,Black,2022,3.14,Average,2.0747731964849456,3181.0,13087
Standard,Green,2023,3.03,Good,2.1136239705006683,2920.0,24361
SUV,Purple,2018,3.3,Good,2.5385565020347136,2854.0,7709
SUV,Purple,2018,3.39,Poor,2.4038212243256014,3757.0,6852
SUV,Black,2023,3.13,Average,2.0208014771402945,3622.0,14706
SUV,Black,2023,3.22,Poor,2.131373654521294,3004.0,11379
Standard,Red,2020,2.89,Good,2.1464959295178643,2733.0,9348
SUV,White,2018,3.32,New Car,2.501620430277602,3040.0,10584
SUV,Black,2022,3.3,Average,2.0697370127133565,3013.0,10764
SUV,White,2022,3.25,Good,1.9231834741401135,3390.0,11617
SUV,Green,2011,3.11,Good,2.988926918127529,2878.0,6878
Standard,White,2022,2.9,Poor,2.120317406901191,2706.0,10961
SUV,Purple,2019,3.43,Good,2.4592864730600708,3189.0,9509
SUV,Black,2016,3.37,Average,2.744976286845074,,7146
Standard,Red,2016,3.05,Good,2.503640144154941,3243.0,7047
SUV,Purple,2022,3.32,Poor,2.223927362426521,3332.0,9486
Standard,White,2022,2.99,Good,2.173998718256844,2860.0,11813
Standard,White,2023,3.13,Good,2.117252459644256,3117.0,15432
SUV,Green,2018,3.37,Poor,2.624927663487633,3383.0,7799
Standard,White,2022,2.78,Good,2.089346499817326,2835.0,9663
SUV,Purple,2011,3.26,Good,2.8270551098415067,3041.0,5968
SUV,Purple,2021,3.3,Good,2.261741587809908,3422.0,10860
Standard,White,2022,2.95,Poor,2.02688250634083,2995.0,12995
Standard,Black,2020,2.95,Good,2.242489949610846,2916.0,10963
Standard,Green,2021,2.98,Good,2.046428186390817,3072.0,10399
Standard,Green,2023,2.84,Poor,1.8152930171859503,3066.0,11075
SUV,Black,2022,3.34,Poor,2.1428373832460075,3698.0,11951
SUV,White,2021,3.44,Good,2.2969463209435865,3254.0,12271
Standard,White,2012,3.07,Poor,2.987701231315002,2805.0,5280
Standard,White,2021,3.0,Good,2.1544003449303992,3132.0,12326
Standard,Purple,2020,2.86,Average,2.31139507958288,2632.0,7949
SUV,Black,2021,3.27,Good,2.174400036139721,3273.0,12254
Standard,Green,2021,3.03,Good,2.299397439128578,3103.0,13079
SUV,Purple,2020,3.3,Good,2.5418779134446807,3607.0,8780
Standard,Green,2021,2.9,Average,2.1899926020619835,3023.0,8783
SUV,Black,2021,3.27,Good,2.2180291117043716,3227.0,10712
Standard,Green,2021,3.07,Good,2.329183611792883,2553.0,12510
SUV,Purple,2023,3.38,Average,1.9126267592931354,3065.0,13347
Standard,Green,2020,2.85,Good,2.338374858553327,3075.0,8388
Standard,Purple,2023,2.9,Poor,1.9310743649854996,3172.0,10739
SUV,Purple,2021,3.34,Good,2.3889681281763955,3321.0,11412
Standard,Purple,2017,3.16,Average,2.5433591372292494,,6017
Standard,Purple,2020,3.0,Good,2.245953025304472,2638.0,7936
SUV,Green,2022,3.36,Poor,2.104816180580847,3182.0,9346
SUV,White,2014,3.17,New Car,2.9319089909567113,3221.0,8462
SUV,Black,2019,3.33,Good,2.427835785968713,3501.0,9640
Standard,Purple,2019,3.06,Good,2.2791061137326154,3209.0,7616
SUV,Purple,2021,3.19,Average,2.0227234897562356,2824.0,8554
SUV,Black,2020,3.15,Good,2.374617582717937,3022.0,10614
Standard,Green,2020,2.9,Poor,2.145635410831423,2721.0,7342
SUV,Black,2019,3.42,Poor,2.5642661878877613,3241.0,8435
SUV,White,2023,3.31,Poor,1.9816310997483264,3702.0,15316
Standard,Green,2018,312.0,Good,2.5618554147245107,3101.0,9250
SUV,White,2019,3.14,Average,2.5319151840887972,3019.0,7756
Standard,Red,2023,2.79,Poor,1.9990352876095066,2846.0,12483
SUV,Black,2018,3.32,Average,2.629201083280196,3396.0,8051
Standard,Purple,2014,3.08,Average,2.9066997464294246,3157.0,5237
Standard,Red,2022,2.89,Poor,2.055176175848793,3090.0,9640
SUV,Purple,2022,3.39,Average,2.036701441130564,3624.0,10585
SUV,Black,2022,3.59,Good,2.1984921335641325,3531.0,14465
SUV,Black,2007,3.27,New Car,2.858400899162352,3484.0,8314
Standard,White,2019,2.98,Good,2.3635754789858776,2546.0,8556
Standard,Purple,2020,2.89,Good,2.4739519482731023,,8454
Standard,White,1992,2.85,Good,1.8760518890355091,2641.0,4952
Standard,Black,2016,2.92,New Car,2.7812487496118816,3137.0,8321
Standard,Green,2021,2.91,Good,2.400022667092423,,11583
Standard,White,2023,3.01,Good,2.140595546260727,2893.0,26673
SUV,White,2011,3.23,Average,2.9207136073221376,3349.0,6333
Standard,Purple,2020,2.91,Poor,2.506080058746167,3187.0,6518
SUV,Black,2023,3.28,Poor,2.198616615026753,,16435
SUV,Black,2019,3.35,Good,2.445164404348414,3092.0,9675
SUV,Red,2021,3.44,Average,2.1531624806619276,3573.0,10767
Standard,Green,2020,3.01,Average,2.3099835210062314,3586.0,8359
Standard,White,2017,3.15,New Car,2.6618320983176074,3200.0,10250
SUV,Green,2014,3.58,Poor,3.0618111555253362,3177.0,5968
Standard,Red,2019,3.12,Poor,2.396661686705919,2796.0,7474
Standard,Green,2017,3.03,Good,2.607087475476058,,7753
Standard,Red,2022,2.99,Good,2.1190836230131085,2669.0,12704
SUV,White,2020,3.35,Good,2.344582642499133,2837.0,10346
Standard,Purple,2022,3.22,Poor,2.175112833196418,3009.0,8461
Standard,Green,2023,3.17,Poor,1.9852988751100038,3485.0,13891
SUV,White,2021,3.3,Poor,2.101043949411969,3572.0,8134
Standard,White,2022,2.93,Average,1.9693553427942803,2566.0,9867
Standard,Green,2022,3.09,Poor,2.0673090954539433,3313.0,11972
Standard,Black,2020,3.13,Good,2.506232251588723,3098.0,9817
SUV,Green,2022,3.01,Good,2.1531762707957465,2695.0,12868
SUV,Purple,2019,3.14,Poor,2.5206213359317777,2943.0,6068
SUV,Purple,2023,3.35,Good,2.0265865530125793,3176.0,15171
Standard,Black,2023,3.18,Good,2.035742630997729,,26124
SUV,Red,2021,3.09,Average,2.245589739026159,2980.0,9324
SUV,Green,2018,3.33,New Car,2.5062907043862563,3432.0,10511
SUV,Purple,2021,3.36,Average,2.1244079725658103,,8865
SUV,,2019,3.14,Average,2.3119413646420033,3066.0,8129
SUV,Green,2020,3.16,New Car,2.2478629639570635,3049.0,12819
SUV,Red,2021,3.36,Average,2.1760230391439084,3208.0,11450
Standard,Green,2020,2.98,Good,2.2542715479039845,,9947
SUV,Black,2021,3.44,Poor,2.1952193062058845,3030.0,10215
Standard,Purple,2022,2.99,Good,2.1999713921597905,3293.0,11374
Standard,White,2021,3.0,Average,2.0695668690806728,3238.0,9426
SUV,Black,2013,3.2,Average,3.112371000120545,3069.0,6208
SUV,Green,2021,3.23,Average,2.232010933961894,3240.0,9515
SUV,Red,2015,3.32,Average,2.81625083382852,3488.0,6949
Standard,White,2022,3.07,Poor,2.1405514272859363,2837.0,10295
Standard,White,2022,2.97,Poor,2.094472486463755,2752.0,11036
SUV,White,2021,3.48,Average,2.0969743342021543,3428.0,10133
Standard,Green,2021,3.09,Good,2.279036269863407,3664.0,10566
Standard,White,2023,2.82,Average,2.0750120433718413,,10557
Standard,Black,2023,3.04,New Car,2.1147796183839835,2489.0,16934
SUV,Green,2023,3.34,Good,1.9306858262047364,,18889
SUV,Green,2023,3.26,Average,2.028546376806572,3480.0,15294
Standard,Purple,2022,3.08,Average,1.9826912804673822,2881.0,9940
Standard,Red,2022,2.96,Good,1.9846440115859478,3308.0,12090
Standard,Purple,2022,3.14,Good,1.9013204317357943,3084.0,12702
Standard,Red,2023,3.28,Good,2.144864185470114,3283.0,16082
Standard,Black,2022,2.98,Average,1.916317106600551,3006.0,10890
SUV,Red,2022,3.48,Average,2.1072454472815774,3444.0,12958
Standard,White,2022,2.95,Good,2.230332152203671,2932.0,11071
SUV,Black,2020,3.04,Average,2.1132363325292336,2861.0,8919
SUV,Green,2022,3.43,Good,2.1567176164340225,3571.0,13756
SUV,Red,2020,3.3,Poor,2.251281224881592,3131.0,8265
Standard,White,2020,3.05,Good,2.1474521581425203,2850.0,8593
Standard,White,2016,2.99,Good,2.7414425127584323,2526.0,6957
Standard,Purple,2023,2.99,Good,1.9307439281335623,2912.0,21583
SUV,White,2015,3.37,Average,2.8163442970549095,3879.0,7346
Standard,Black,2023,3.01,Poor,2.079490936961382,2748.0,14720
SUV,White,2022,3.17,Good,2.2058552437662686,2790.0,15890
Standard,Black,2023,2.99,Good,1.991148449887637,3010.0,15470
Standard,White,2021,2.98,Average,2.1823797357838934,3614.0,10684
Standard,Green,2018,3.0,Good,2.395880479836911,2921.0,8486
Standard,Green,2023,3.0,Poor,2.094635482001478,3527.0,11352
Standard,White,2023,2.99,Good,2.015802684645429,2959.0,12988
Standard,Red,2023,3.02,Average,1.8866634594699767,3311.0,13759
SUV,Green,2007,3.16,Good,2.718685875797278,2514.0,6249
Standard,White,2022,3.0,Good,2.1576709267095042,3191.0,13031
Standard,Red,2022,2.86,Average,2.126142408294684,2949.0,10052
Standard,Green,2022,3.0,Average,2.0983687997465084,2419.0,10723
SUV,Red,2019,3.25,New Car,2.4850209344675918,3133.0,12050
Standard,White,2023,2.87,Poor,1.9440938977464106,3039.0,10544
SUV,Green,2023,3.25,New Car,2.012420802195227,3143.0,36092
SUV,Black,2022,3.27,New Car,2.0552086717308935,3055.0,14328
SUV,White,2022,3.22,Poor,2.219845276595662,3113.0,11044
SUV,Black,2018,3.14,Poor,2.5674516118270834,3306.0,7046
Standard,White,2016,3.01,Good,2.523799939371318,2942.0,7377
Standard,White,2018,3.01,Poor,2.4868154561390936,3390.0,5618
Standard,Black,2022,2.9,Average,2.0736266801938337,3284.0,10375
SUV,Purple,2018,3.37,Poor,2.561691183639834,3419.0,6088
SUV,Red,2018,3.43,Good,2.5096648253313245,3562.0,9443
Standard,Red,2021,3.25,New Car,2.2974197938978826,3297.0,12891
SUV,Red,2019,3.38,Good,2.545990362634507,3126.0,10926
SUV,Black,2023,3.31,Poor,2.116651275344688,3434.0,15865
SUV,Black,2018,3.27,Poor,2.4357409101085867,2902.0,7685
Standard,Red,2015,3.05,Good,2.7910203270389093,,7088
Standard,Red,2021,2.88,Poor,2.150488023551378,2749.0,7640
Standard,Black,2022,2.94,Good,2.0282638750288133,2874.0,11698
SUV,Green,1999,3.36,Poor,2.235746357083574,3767.0,4296
Standard,White,2019,2.87,New Car,2.4857419654872683,2627.0,9904
SUV,Purple,2023,3.1,Poor,1.9574422320618525,2989.0,12824
SUV,Black,2021,3.14,Good,2.1413146643239043,3461.0,11899
SUV,Black,2020,3.48,Good,2.314945715965239,3020.0,10929
Standard,Red,2012,3.16,Good,2.9908362069730403,,6900
SUV,Purple,2021,3.54,New Car,2.155125569424713,3444.0,11476
SUV,Black,2018,3.23,Good,2.405204797741658,3082.0,8138
Standard,Purple,2016,2.92,Good,2.7602674799059246,2584.0,5752
SUV,Green,1996,3.33,Good,2.1293952270709555,3201.0,5439
SUV,Black,2017,3.38,Poor,2.599483354529061,3600.0,7389
Standard,Black,2021,2.85,Good,2.1759016570642165,,10161
SUV,White,2022,3.58,Good,2.309605111663524,3086.0,15052
SUV,Purple,2023,3.06,Average,2.071423244624344,2886.0,12016
Standard,Black,2017,2.88,Average,2.6589837765062634,2679.0,6455
SUV,Green,2015,3.47,Good,2.750315833869088,3525.0,8510
Standard,Black,2021,3.04,Good,2.2271158530143667,3058.0,10008
SUV,White,2021,3.2,Poor,2.2737819830938206,3091.0,9170
Standard,Red,2022,3.0,Poor,2.2073706098498493,3036.0,10524
Standard,Red,2020,2.97,Poor,2.4026593150403266,3007.0,6813
SUV,Green,2022,3.23,Average,1.9965136524885019,2990.0,10978
Standard,White,2010,2.84,New Car,2.96198283875375,2663.0,7240
SUV,Red,2015,3.22,Good,2.8200543857047213,,7475
Standard,Green,2023,2.99,Good,1.9259816786184234,2888.0,13509
Standard,Black,2022,2.9,Good,2.2230145868202156,2533.0,10979
Standard,White,2019,3.02,New Car,2.429304894782511,2718.0,10789
Standard,Purple,2023,2.99,Good,1.9427663995101132,2812.0,13032
SUV,White,2015,3.31,Poor,2.783849378105891,3642.0,6514
SUV,Black,2022,3.3,Average,2.143356954565722,3570.0,12632
Standard,Purple,2022,3.1,Good,2.104803476994245,3376.0,9908
SUV,Black,2022,3.35,Poor,2.1856627793589603,3474.0,10835
SUV,Black,2021,3.31,Good,2.0854624525710026,3524.0,10426
SUV,Black,2018,3.15,Good,2.5112102052804617,3285.0,8154
Standard,Red,2022,2.97,Good,2.2237818439413677,3013.0,15372
Standard,Purple,2012,2.93,New Car,3.108469197658036,2994.0,6371
Standard,Black,2020,2.96,Average,2.340690720190213,2692.0,9475
SUV,White,2020,3.34,Poor,2.384968138083015,3545.0,8165
Standard,Purple,2017,3.04,Average,2.328961532624378,,6056
SUV,Green,2023,3.42,Average,2.105423454139203,3159.0,20088
SUV,Purple,2023,3.26,Good,1.9884541571529772,,13425
SUV,White,2021,3.35,Good,2.3825168355766926,3525.0,12670
SUV,White,2023,3.26,Poor,2.0984180909790693,3343.0,14361
Standard,Green,2022,2.98,Average,2.1391084476189692,3074.0,13363
Standard,Purple,2015,2.93,Good,2.6935050149546216,3027.0,6014
SUV,Black,2014,3.34,Good,2.9106913663376135,3330.0,7207
Standard,White,2023,2.99,Good,2.065863103644319,2880.0,12763
Standard,Purple,2018,2.96,Average,2.391427497206246,3080.0,6100
SUV,Black,2021,3.44,New Car,2.1656773853573585,3670.0,15025
SUV,White,2000,3.27,Good,2.523395415945864,,5475
SUV,Green,2019,3.31,Poor,2.500630811095971,3158.0,7263
Standard,Black,2019,3.13,Average,2.4584654214619035,2919.0,7770
SUV,Purple,2021,3.31,Poor,2.341287375862866,3194.0,7726
Standard,Black,2018,3.07,Good,2.730756132767534,3464.0,7957
Standard,White,2017,3.02,Good,2.7888809940871786,,8012
Standard,White,2015,2.84,Poor,2.7084589605159364,2863.0,5653
SUV,Black,2018,3.34,Good,2.4826973754835198,3157.0,10219
SUV,Black,2019,3.26,Good,2.4995821763083352,3339.0,10740
SUV,Red,2020,3.52,Good,2.4058234759338877,,12263
SUV,Purple,2018,3.14,Poor,2.3468606197240307,3607.0,4950
Standard,Black,2019,2.91,Poor,2.523200298589813,2668.0,6524
Standard,White,2023,3.03,Good,1.8424408945972366,,15589
Standard,Green,2023,3.02,Poor,1.9205267689227288,2909.0,12024
Standard,Purple,2022,2.86,New Car,2.1224919072612,2748.0,10659
SUV,White,2022,3.35,Average,1.9323845857950723,3424.0,13897
SUV,White,2021,3.35,Poor,2.432815623880562,,9721
Standard,Green,2021,3.13,Good,2.390705306156889,3155.0,10782
Standard,Green,2012,3.0,Good,2.9567193271511156,2810.0,6819
SUV,White,2021,3.41,Good,2.275285823598922,3273.0,12422
Standard,Green,2021,3.1,Good,2.2599230825877963,3534.0,12308
SUV,Green,2023,3.25,Average,2.0859228390901188,3588.0,17672
Standard,Black,2018,3.01,Good,2.5316871274737496,3360.0,8271
Standard,Black,2021,3.05,Poor,2.2227825624203312,3206.0,8543
Standard,Green,2020,3.07,Poor,2.3119322906089077,3006.0,8280
SUV,Purple,2016,3.45,Poor,2.6531414700256546,3274.0,5919
Standard,Red,2022,2.98,Average,2.1681776254053853,3059.0,9736
SUV,White,2012,3.32,Good,2.8618223384539325,3373.0,6953
Standard,Black,2017,3.0,Good,2.586526313189486,3218.0,8283
SUV,White,2022,3.36,Average,2.1073749847048644,3384.0,11641
Standard,White,2019,2.81,New Car,2.3703593497659865,2362.0,8626
Standard,Black,2019,3.07,Average,2.610080892122412,3083.0,8049
SUV,Red,2020,3.34,Good,2.332589747067167,3612.0,10948
SUV,Purple,2019,3.21,Average,2.5994494383508364,3350.0,6981
Standard,White,2013,3.0,Average,2.9811663630516385,2870.0,5797
SUV,White,2008,3.28,Average,2.837856960706543,3207.0,5936
Standard,Green,2023,2.94,Good,1.9698341002553557,,17537
SUV,Black,2019,3.15,Poor,2.3856428133423297,3143.0,7150
SUV,Green,2021,3.1,Poor,2.13751932966703,3324.0,8074
Standard,Red,2022,3.02,Poor,2.179810830257327,3242.0,8290
SUV,Red,2023,3.16,Poor,2.0875091727585815,2739.0,11878
SUV,Black,2022,3.26,Poor,2.2027397392248904,3284.0,10195
Standard,White,2017,2.88,Average,2.74911987484861,3236.0,6620
Standard,Green,2021,2.91,Good,2.3901860150919827,3139.0,9996
Standard,Purple,2016,3.0,Poor,2.4876358053558443,2947.0,5002
